{
  "State": [
    "Andaman and Nicobar",
    "Andhra Pradesh",
    "Assam",
    "Bihar",
    "Chattisgarh",
    "Gujarat",
    "Haryana",
    "Himachal Pradesh",
    "Jammu and Kashmir",
    "Jharkhand",
    "Karnataka",
    "Kerala",
    "Madhya Pradesh",
    "Maharashtra",
    "Manipur",
    "Meghalaya",
    "Mizoram",
    "NCT of Delhi",
    "Nagaland",
    "Odisha",
    "Punjab",
    "Rajasthan",
    "Tamil Nadu",
    "Telangana",
    "Tripura",
    "Uttar Pradesh",
    "Uttrakhand",
    "West Bengal"
  ],
  "District": [
    "Adilabad",
    "Agra",
    "Ahmedabad",
    "Ahmednagar",
    "Aizawl",
    "Akola",
    "Alappuzha",
    "Amarawati",
    "Ambala",
    "Amreli",
    "Amritsar",
    "Anand",
    "Angul",
    "Anupur",
    "Ariyalur",
    "Badaun",
    "Badwani",
    "Bagalkot",
    "Balaghat",
    "Balasore",
    "Banaskanth",
    "Bangalore",
    "Barabanki",
    "Bareilly",
    "Bargarh",
    "Barmer",
    "Belgaum",
    "Bellary",
    "Bhadrak",
    "Bhagalpur",
    "Bharuch",
    "Bhatinda",
    "Bhavnagar",
    "Bhiwani",
    "Bhopal",
    "Bidar",
    "Bijapur",
    "Bijnor",
    "Bikaner",
    "Bilaspur",
    "Birbhum",
    "Bishnupur",
    "Bolangir",
    "Botad",
    "Boudh",
    "Buldhana",
    "Chamba",
    "Champawat",
    "Chamrajnagar",
    "Chandrapur",
    "Chattrapati Sambhajinagar",
    "Chhota Udaipur",
    "Chikmagalur",
    "Chitradurga",
    "Chittorgarh",
    "Coimbatore",
    "Coochbehar",
    "Cuddalore",
    "Cuddapah",
    "Cuttack",
    "Dahod",
    "Dakshin Dinajpur",
    "Darjeeling",
    "Dausa",
    "Davangere",
    "Delhi",
    "Deogarh",
    "Devbhumi Dwarka",
    "Dhanbad",
    "Dhar",
    "Dharashiv(Usmanabad)",
    "Dharwad",
    "Dhenkanal",
    "Dhule",
    "Dimapur",
    "East Khasi Hills",
    "Ernakulam",
    "Faridabad",
    "Faridkot",
    "Fatehabad",
    "Fatehgarh",
    "Fazilka",
    "Ferozpur",
    "Gadag",
    "Gajapati",
    "Gandhinagar",
    "Ganganagar",
    "Ganjam",
    "Gir Somnath",
    "Goalpara",
    "Gomati",
    "Guna",
    "Gurdaspur",
    "Gurgaon",
    "Gwalior",
    "Hamirpur",
    "Harda",
    "Haridwar",
    "Hassan",
    "Haveri",
    "Hissar",
    "Hooghly",
    "Hoshangabad",
    "Hoshiarpur",
    "Howrah",
    "Hyderabad",
    "Idukki",
    "Imphal East",
    "Imphal West",
    "Jajpur",
    "Jalandhar",
    "Jalgaon",
    "Jalore",
    "Jalpaiguri",
    "Jammu",
    "Jamnagar",
    "Janjgir",
    "Jhajar",
    "Jind",
    "Jodhpur",
    "Junagarh",
    "Kachchh",
    "Kalahandi",
    "Kalburgi",
    "Kalimpong",
    "Kamrup",
    "Kandhamal",
    "Kangra",
    "Kannur",
    "Kanpur",
    "Karnal",
    "Karwar(Uttar Kannad)",
    "Kasargod",
    "Kathua",
    "Kendrapara",
    "Keonjhar",
    "Khammam",
    "Khargone",
    "Kheda",
    "Khowai",
    "Khurda",
    "Koderma",
    "Kohima",
    "Kolar",
    "Kolhapur",
    "Kolkata",
    "Kollam",
    "Koppal",
    "Koraput",
    "Koria",
    "Kota",
    "Kottayam",
    "Krishna",
    "Kullu",
    "Kurukshetra",
    "Lakhimpur",
    "Latur",
    "Ludhiana",
    "Lungli",
    "Madikeri(Kodagu)",
    "Mahbubnagar",
    "Mahendragarh-Narnaul",
    "Mainpuri",
    "Malappuram",
    "Malda",
    "Malkangiri",
    "Mandi",
    "Mandya",
    "Mangalore(Dakshin Kannad)",
    "Mansa",
    "Mayurbhanja",
    "Medak",
    "Medinipur(E)",
    "Meerut",
    "Mehsana",
    "Mewat",
    "Mohali",
    "Morbi",
    "Morena",
    "Muktsar",
    "Mumbai",
    "Murum",
    "Mysore",
    "Nagaur",
    "Nagpur",
    "Nalbari",
    "Nandurbar",
    "Nanital",
    "Narmada",
    "Nashik",
    "Navsari",
    "Nawanshahr",
    "Neemuch",
    "North Tripura",
    "Nowarangpur",
    "Nuapada",
    "Palakad",
    "Pali",
    "Palwal",
    "Panchmahals",
    "Panipat",
    "Patan",
    "Pathanamthitta",
    "Patiala",
    "Phek",
    "Porbandar",
    "Pune",
    "Purba Bardhaman",
    "Puruliya",
    "Raigad",
    "Raigarh",
    "Rajgarh",
    "Rajkot",
    "Rajouri",
    "Ranga Reddy",
    "Ratlam",
    "Ratnagiri",
    "Rohtak",
    "Sabarkantha",
    "Sagar",
    "Sangli",
    "Sangrur",
    "Satara",
    "Satna",
    "Sehore",
    "Seoni",
    "Sepahijala",
    "Shahjahanpur",
    "Shajapur",
    "Sheopur",
    "Shimoga",
    "Shivpuri",
    "Sholapur",
    "Sibsagar",
    "Sikar",
    "Sirmore",
    "Sirsa",
    "Solan",
    "Sonipat",
    "Sonitpur",
    "South Andaman",
    "South District",
    "South Garo Hills",
    "South West Garo Hills",
    "South West Khasi Hills",
    "Srikakulam",
    "Srinagar",
    "Surat",
    "Surendranagar",
    "Tarntaran",
    "Thane",
    "Thirssur",
    "Thiruvananthapuram",
    "Thiruvannamalai",
    "Thoubal",
    "Tinsukia",
    "Tumkur",
    "UdhamSinghNagar",
    "Udhampur",
    "Udupi",
    "Ujjain",
    "Una",
    "Unnao",
    "Unokoti",
    "Vadodara(Baroda)",
    "Varanasi",
    "Wayanad",
    "West District",
    "West Garo Hills",
    "West Jaintia Hills",
    "Yamuna Nagar",
    "kapurthala"
  ],
  "Market": [
    "Achalpur",
    "Adampur",
    "Adilabad(Rythu Bazar)",
    "Adimali",
    "Agra",
    "Ahmednagar",
    "Ahmedpur",
    "Ajnala",
    "Akluj",
    "Akola",
    "Akole",
    "Alappuzha",
    "Aluva",
    "Amadula",
    "Amalner",
    "Amarawati",
    "Ambala Cantt.",
    "Ambala City(Subji Mandi)",
    "Amirgadh",
    "Amod",
    "Ampati",
    "Amreli",
    "Amritsar(Amritsar Mewa Mandi)",
    "Anajngaon",
    "Anchal",
    "Angamaly",
    "Angaura",
    "Angul",
    "Angul(Jarapada)",
    "Anjad",
    "Anjar",
    "Anjar(Veg,Sub Yard)",
    "Ankleshwar",
    "Annigeri",
    "Aralamoodu",
    "Arasikere",
    "Aroor",
    "Asandh",
    "Ashta",
    "Ateli",
    "Athani",
    "Attabira",
    "Attingal",
    "Ausa",
    "Azadpur",
    "Babra",
    "Badami",
    "Badayoun",
    "Badnagar",
    "Bagasara",
    "Bagepalli",
    "Baghmara",
    "Bahadurgarh",
    "Baikunthpur",
    "Balachaur",
    "Balaghat",
    "Balarampur",
    "Balasinor",
    "Ballabhgarh",
    "Balotra",
    "Balugaon",
    "Balurghat",
    "Bampada",
    "Banapura",
    "Bandrol",
    "Bangalore",
    "Bangarpet",
    "Bankhedi",
    "Banki",
    "Bantwala",
    "Bapauli",
    "Barara",
    "Bardoli",
    "Bareilly",
    "Barikpur",
    "Baripada",
    "Barmer",
    "Barshi",
    "Barwala(Hisar)",
    "Basava Kalayana",
    "Bassi Pathana",
    "Batala",
    "Baxirhat",
    "Bayad",
    "Bayad(Demai)",
    "Bayad(Sadamba)",
    "Becharaji",
    "Belacoba",
    "Bellary",
    "Betnoti",
    "Bhadrachalam",
    "Bhadrak",
    "Bhadravathi",
    "Bhagalpur",
    "Bhagat Ki Kothi",
    "Bhagat Kii Phalodi",
    "Bhanvad",
    "Bharuch",
    "Bhattu Kalan",
    "Bhavnagar",
    "Bhawanipatna",
    "Bhesan",
    "Bhikhiwind",
    "Bhiloda",
    "Bhinmal",
    "Bhiwani",
    "Bhogpur",
    "Bhopal",
    "Bhucho",
    "Bhuj",
    "Bhulath",
    "Bhuna",
    "Bhuntar",
    "Bhusaval",
    "Bijapur",
    "Bijnaur",
    "Bikaner (F&V)",
    "Bikaner (Grain)",
    "Bilaspur",
    "Bilimora",
    "Binny Mill (F&V), Bangalore",
    "Bishalgarh",
    "Bishenpur",
    "Bodeliu",
    "Bolangir",
    "Bolangir(Patnagarh)",
    "Botad(Bhabarkot)",
    "Botad(Haddad)",
    "Boudh",
    "Bowenpally",
    "Chachack ",
    "Chakur",
    "Chala",
    "Chalisgaon",
    "Chamba",
    "Champaknagar",
    "Champua",
    "Chandrapur(Ganjwad)",
    "Channapatana",
    "Channarayapatna",
    "Chatta Krushak Bazar",
    "Chattrapati Sambhajinagar",
    "Chavakkad",
    "Chelakkara",
    "Cherthala",
    "Chethupattu",
    "Chhachrauli",
    "Chhpara",
    "Chickkaballapura",
    "Chikkamagalore",
    "Chintamani",
    "Chitradurga",
    "Chittapur",
    "Chittorgarh",
    "Chopada",
    "Chotila",
    "Choubepur",
    "Coochbehar",
    "Dabra",
    "Dabwali",
    "Dahod(Veg. Market)",
    "Damnagar",
    "Darjeeling",
    "Dasda",
    "Davangere",
    "Deesa(Bhildi)",
    "Degana",
    "Deogarh",
    "Deoghar",
    "Deori",
    "Devala",
    "Dhamnod",
    "Dhanbad",
    "Dhanera",
    "Dhanotu (Mandi)",
    "Dhansura",
    "Dharampur",
    "Dharangaon",
    "Dharashiv",
    "Dhari",
    "Dhekiajuli",
    "Dhenkanal",
    "Dhoraji",
    "Dhrol",
    "Dhule",
    "Dhupguri",
    "Dhuri",
    "Digapahandi",
    "Dimapur",
    "Diyodar",
    "Ernakulam",
    "Erragadda(Rythu Bazar)",
    "Ettumanoor",
    "Ezhamkulam",
    "F.G.Churian",
    "Faridabad",
    "Fatehabad",
    "Fazilka",
    "Ferozepur Cantt.",
    "Firozepur City",
    "Gadada",
    "Gadag",
    "Gangarampur(Dakshin Dinajpur)",
    "Gangavathi",
    "Garh Shankar(Mahalpur)",
    "Garhakota",
    "Gariyadar",
    "Garjee",
    "Garobadha",
    "Ghoti",
    "Giddarbaha",
    "Goalpara",
    "Godabhaga",
    "Godhra",
    "Gogamba",
    "Gohana",
    "Golagokarnath",
    "Gondal",
    "Gondal(Veg.market Gondal)",
    "Gonikappal",
    "Gopa",
    "Gowribidanoor",
    "Gubbi",
    "Gudimalkapur",
    "Guna",
    "Gundlupet",
    "Gurdaspur",
    "Guskara",
    "H.B. Halli",
    "Hadad    ",
    "Haldwani",
    "Halvad",
    "Hamirpur",
    "Hamirpur(Nadaun)",
    "Harda",
    "Harda(F&V)",
    "Haridwar Union",
    "Harij",
    "Harike",
    "Hasot",
    "Hassan",
    "Hassanpur",
    "Himatnagar",
    "Hinjilicut",
    "Hiriyur",
    "Hissar",
    "Hodal",
    "Honnali",
    "Hoovinahadagali",
    "Hosanagar",
    "Hoshiarpur",
    "Hoshiarpur(Sham Churasi)",
    "Hoskote",
    "Humanabad",
    "Iamailabad",
    "Ichapuram",
    "Idar",
    "Imphal",
    "Irinjalakkuda",
    "Itarsi",
    "Jagadhri",
    "Jaitaran",
    "Jajpur",
    "Jakhal",
    "Jalandhar City(Jalandhar)",
    "Jaleswar",
    "Jalgaon",
    "Jalgaon(Masawat)",
    "Jalore",
    "Jalpaiguri Sadar",
    "Jalukie",
    "Jam Jodhpur",
    "Jam Khambalia",
    "Jambusar",
    "Jambusar(Kaavi)",
    "Jamkandorna",
    "Jamkhed",
    "Jamnagar",
    "Jaora",
    "Jasdan",
    "Javad",
    "Jayamkondam",
    "Jetpur(Dist.Rajkot)",
    "Jetpur-Pavi    ",
    "Jhagadiya",
    "Jhajjar",
    "Jhumpura",
    "Jodhpur (F&V)",
    "Jodhpur (Grain)",
    "Jodhpur(F&V)(Paota)",
    "Jowai",
    "Jui",
    "Jumpuijala",
    "Junagadh",
    "Junagarh",
    "K.Mandvi",
    "K.R. Pet",
    "K.R.Nagar",
    "Kadi",
    "Kadi(Kadi cotton Yard)",
    "Kadur",
    "Kalahandi(Dharamagarh)",
    "Kalapipal",
    "Kalawad",
    "Kalburgi",
    "Kalediya",
    "Kalimpong",
    "Kalmeshwar",
    "Kalna",
    "Kalvan",
    "Kalwakurthy",
    "Kalyan",
    "Kalyanpur",
    "Kamakhyanagar",
    "Kamthi",
    "Kandhamal",
    "Kangra",
    "Kangra(Jassour)",
    "Kanjangadu",
    "Kannur",
    "Kapadanj(Moti Jaher)",
    "Kapadvanj",
    "Kapurthala",
    "Karad",
    "Karjan",
    "Karjat(Rashin)",
    "Karkala",
    "Karsiyang(Matigara)",
    "Kashipur",
    "Kasipur",
    "Kasrawad",
    "Kathua",
    "Kattappana",
    "Katwa",
    "Kendrapara",
    "Keonjhar",
    "Keonjhar(Dhekikote)",
    "Keonjhar(Jhumpura)",
    "Keshopur",
    "Kesinga",
    "Khamgaon",
    "Khammam",
    "Khaniadhana",
    "Khanina",
    "Khanna",
    "Khargone",
    "Khariar",
    "Khariar Road",
    "Kharsiya",
    "Khateema",
    "Khed",
    "Khed(Chakan)",
    "Khedbrahma",
    "Khirakiya",
    "Khunthabandha",
    "Khurai",
    "Kicchha",
    "Kilpennathur",
    "Koderma",
    "Kodinar",
    "Kodinar(Dollasa)",
    "Kodungalloor",
    "Koduvayoor",
    "Kohima",
    "Kolar",
    "Kolhapur",
    "Kolhapur(Laxmipuri)",
    "Kollegal",
    "Kollengode",
    "Kondotty",
    "Kopargaon",
    "Koppal",
    "Koraput",
    "Koraput(Semilguda)",
    "Kosamba(Vankal)",
    "Kota (F&V)",
    "Kothamangalam",
    "Kotkapura",
    "Kotma",
    "Kottakkal",
    "Kottarakkara",
    "Kottur",
    "Kuchaman City",
    "Kullu",
    "Kullu(Chauri Bihal)",
    "Kundapura",
    "Kunjpura",
    "Kurawar",
    "Kurinchipadi",
    "Kuruppanthura",
    "Kustagi",
    "Kuthuparambu",
    "Kuttoor",
    "L B Nagar",
    "Ladwa",
    "Lakhani",
    "Lalpur",
    "Lalru",
    "Lamlong Bazaar",
    "Lasalgaon",
    "Lashkar",
    "Lashkar(F&V)",
    "Latur",
    "Lehra Gaga",
    "Limdi",
    "Ludhiana",
    "Lungli",
    "Madhupur",
    "Mahuva(Station Road)",
    "Mainpuri",
    "Malegaon",
    "Malkanagiri",
    "Malkangiri(Korakunda)",
    "Malkapur",
    "Malpur",
    "Malur",
    "Manasa",
    "Manavdar",
    "Manchar",
    "Mandawari",
    "Mandi(Mandi)",
    "Mandi(Takoli)",
    "Mandvi",
    "Mangal Wedha",
    "Mangalore",
    "Manjeri",
    "Manjeswaram",
    "Mansa",
    "Marapally",
    "Mawana",
    "Mawkyrwat",
    "Meghraj",
    "Meham",
    "Mehsana(Mehsana Veg)",
    "Melaghar",
    "Memari",
    "Merta City",
    "Modasa",
    "Modasa(Tintoi)",
    "Modasar        ",
    "Mohanpur",
    "Mohindergarh",
    "Moovattupuzha",
    "Morbi",
    "Morshi",
    "Mottagaon",
    "Moynaguri",
    "Mukerian",
    "Mukhiguda",
    "Muktsar",
    "Muli",
    "Mullana",
    "Mumbai",
    "Munnar",
    "Murbad",
    "Mustafabad",
    "Mysore (Bandipalya)",
    "Nabarangpur(Umerkote)",
    "Nadiyad(Piplag)",
    "Nagaur",
    "Nagod",
    "Nagpur",
    "Nahan",
    "Nalbari",
    "Nandurbar",
    "Naraingarh",
    "Narela",
    "Nargunda",
    "Narnaul",
    "Narnaund",
    "Narsinghgarh",
    "Narwal Jammu (F&V)",
    "Nasik",
    "Nasvadi",
    "Navapur",
    "Nawarangpur",
    "Nedumkandam",
    "Neeleswaram",
    "Neemuch",
    "New Grain Market(main), Karnal",
    "New Market Aizawl",
    "Newasa",
    "Neyyatinkara",
    "Nilagiri",
    "Nissing",
    "Nizar",
    "Nokha",
    "Nuh",
    "Omalloor",
    "P.O. Uparhali Guwahati",
    "Pabiacherra",
    "Pachora",
    "Padampur",
    "Padra",
    "Palakkad",
    "Palampur",
    "Palanpur",
    "Palitana",
    "Palus",
    "Palwal",
    "Pamarru",
    "Pampady",
    "Pandalam",
    "Pandharpur",
    "Panipat",
    "Panisagar",
    "Panvel",
    "Paonta Sahib",
    "Parakkodu",
    "Parassala",
    "Parimpore",
    "Parlakhemundi",
    "Parola",
    "Patan",
    "Patan(Veg,Yard Patan)",
    "Pataudi",
    "Pathardi",
    "Pattamundai",
    "Pavagada",
    "Pendraroad",
    "Perumbavoor",
    "Petlad(Veg Yard, Petlad)",
    "Pfatsero",
    "Phagwara",
    "Phek",
    "Phillaur",
    "Phillaur(Apra Mandi)",
    "Pillukhera",
    "Pipariya",
    "Piravam",
    "Piriya Pattana",
    "Pohari",
    "Porbandar",
    "Porsa",
    "Port Blair",
    "Pothencode",
    "Prantij",
    "Prantij(Salala)",
    "Punalur",
    "Pundibari",
    "Pune",
    "Pune(Khadiki)",
    "Pune(Pimpri)",
    "Purulia",
    "Puttur",
    "Quadian",
    "Raath",
    "Radaur",
    "Radhanpur",
    "Raghogarh",
    "Rahata",
    "Rahatgarh",
    "Rahuri(Songaon)",
    "Rahuri(Vambori)",
    "Rajkot",
    "Rajouri (F&V)",
    "Rajpipla",
    "Rajpura",
    "Rajula",
    "Ramdurga",
    "Ramkrishanpur(Howrah)",
    "Ramtek",
    "Rania",
    "Ranniangadi",
    "Rapar",
    "Ratia",
    "Ratlam",
    "Ratlam(F&V)",
    "Ratnagiri (Nachane)",
    "Raver",
    "Rayachoti",
    "Reasi",
    "Rehli",
    "Rohtak",
    "Rona",
    "Rongram",
    "Rudrapur",
    "Sabalgarh",
    "Sadasivpet(Sangareddy)",
    "Sadhaura",
    "Safdarganj",
    "Sagar",
    "Sagar(F&V)",
    "Sahidngar",
    "Sahnewal",
    "Sailana",
    "Sainthia",
    "Samalkha",
    "Samba",
    "Sami",
    "Samsi",
    "Sanawad",
    "Sanchore",
    "Sangamner",
    "Sangli(Phale, Bhajipura Market)",
    "Sankeshwar",
    "Santhesargur",
    "Santir Bazar",
    "Santoshgarh",
    "Sarangpur",
    "Saraskana",
    "Satara",
    "Satna",
    "Savarkundla",
    "Savli",
    "Savli(Desar)",
    "Savli(Samlaya)",
    "Sayala",
    "Sealdah Koley Market",
    "Sehore",
    "Shahabad",
    "Shahada",
    "Shahagarh",
    "Shahapur",
    "Shahdara",
    "Shahjahanpur",
    "Shahkot",
    "Shahzadpur",
    "Shajapur(F&V)",
    "Sheopurkalan",
    "Sheoraphuly",
    "Shevgaon",
    "Shevgaon(Bodhegaon)",
    "Shiggauv",
    "Shikaripura",
    "Shillong",
    "Shimoga",
    "Shimogga(Theertahalli)",
    "Shivpuri",
    "Shivpuri(F&V)",
    "Shrigonda",
    "Shrirampur",
    "Shrirampur(Belapur)",
    "Shujalpur",
    "Sibsagar",
    "Siddhpur",
    "Sira",
    "Sirhind",
    "Sirsa",
    "Sitarganj",
    "Siwani",
    "Sohela",
    "Sohra",
    "Sojat Road",
    "Solan",
    "Solan(Nalagarh)",
    "Solapur",
    "Somvarpet",
    "Sonamura",
    "Sonepat",
    "Sonepat(Kharkhoda)",
    "Soyatkalan",
    "Sri Madhopur",
    "Sriganganagar (Grain)",
    "Sultan bathery",
    "Sulya",
    "Sunam",
    "Surat",
    "Talcher",
    "Taleja",
    "Taliparamba",
    "Talod",
    "Taloda",
    "Talwandi Bhai",
    "Tamluk (Medinipur E)",
    "Tanakpur",
    "Tanda Urmur",
    "Tarori",
    "Tauru",
    "Teliamura",
    "Thalasserry",
    "Thalayolaparambu",
    "Thalkala",
    "Thanesar",
    "Thara",
    "Tharad",
    "Thiruvannamalai",
    "Thodupuzha",
    "Thondamuthur",
    "Thoubal",
    "Thrippunithura",
    "Thrissur",
    "Tileibani",
    "Timarni",
    "Tinsukia",
    "Tohana",
    "Tohana(New Veg Market)",
    "Toofanganj",
    "Tosham",
    "Tumkur",
    "Tura",
    "Turvekere",
    "Tusura",
    "Udala",
    "Udhampur",
    "Udupi",
    "Uklana",
    "Uluberia",
    "Una",
    "Unava",
    "Unjha",
    "Unnao",
    "Upleta",
    "Vadakkenchery",
    "Vadali",
    "Vadgaonpeth",
    "Vadhvan",
    "Vadodara",
    "Vadodara(Sayajipura)",
    "Vagodiya",
    "Vai",
    "Valia",
    "Valia(Nethrang)",
    "Vandiperiyar",
    "Vankaner",
    "Vankaner(Sub yard)",
    "Vantamamidi",
    "Varanasi",
    "Vav",
    "Vijapur(Gojjariya)",
    "Vijapur(veg)",
    "Vijaypur",
    "Viramgam",
    "Visavadar",
    "Visnagar",
    "Vyra",
    "Wadakkanchery",
    "Yamuna Nagar",
    "Yellapur",
    "Zira",
    "kalanwali"
  ],
  "Commodity": [
    "Arecanut(Betelnut/Supari)",
    "Avare Dal",
    "Bajra(Pearl Millet/Cumbu)",
    "Black Gram Dal (Urd Dal)",
    "Cabbage",
    "Capsicum",
    "Chili Red",
    "Coconut Oil",
    "Cotton",
    "Cucumbar(Kheera)",
    "Drumstick",
    "Elephant Yam (Suran)",
    "Garlic",
    "Green Gram Dal (Moong Dal)",
    "Ground Nut Oil",
    "Ground Nut Seed",
    "Isabgul (Psyllium)",
    "Potato",
    "Raddish",
    "Ridgeguard(Tori)",
    "Soyabean",
    "Suva (Dill Seed)",
    "Thondekai"
  ],
  "Variety": [
    "American",
    "Avare (Whole)",
    "Average",
    "Bette",
    "Bilegotu",
    "Black Gram Dal",
    "Cabbage",
    "Capsicum",
    "Chali",
    "Copra Oil",
    "Cotton (Unginned)",
    "Cqca",
    "Cucumbar",
    "Deshi",
    "Desi",
    "Drumstick",
    "EDI",
    "Elephant Yam (Suran)",
    "G-6",
    "Garlic",
    "Gorabalu",
    "Green",
    "Green Gram Dal",
    "Ground Nut Oil",
    "Ground Nut Seed",
    "H.B (Unginned)",
    "Hybrid",
    "Isabgul (Psyllium)",
    "Jyoti",
    "Kempugotu",
    "Local",
    "MCU-5 (A) 31mm FIne",
    "New Variety",
    "Ordinary (Split)",
    "Other",
    "Pylone",
    "Raddish",
    "Rashi",
    "Red",
    "Ridgeguard(Tori)",
    "Ripe",
    "Saraku",
    "Shanker 4 31mm FIne",
    "Shanker 6 (B) 30mm FIne",
    "Sippegotu",
    "Soyabeen",
    "Suva (Dill Seed)",
    "Tattibettee",
    "Thondekai",
    "White",
    "Yellow",
    "api"
  ],
  "Grade": [
    "FAQ",
    "Large",
    "Medium",
    "Small"
  ]
}